day,Julia,Max,twitch.tv/MaximumCold,Kat
2023/12/4,276.9635571,244.1981233,57.56258485,80.2388795
2023/12/5,512.882577,400.0492241,57.56258485,80.2388795
